acc,fragments
P49913,[134-170]
P27695,[1-43]
P0DMM9,[64-77][216-261]
P13569,[654-838]
P0DN86,[132-165]
P38936,[1-164]
P49918,[1-316]
P46527,[1-198]
P14061,[191-199][286-328]
Q13541,[1-118]
P04150,[1-518]
P10912,[270-620]
P17096,[1-107]
P78356,[1-33][304-342][373-390]
P27694,[105-180]
P19793,[1-130][169-189]
P63027,[40-67]
P37840,[1-140]
Q8WZ42,[9880-12031]
P04818,[1-27][107-128]
P03372,[1-184][214-236][253-262][287-305]
P11387,[1-214][628-719]
P01100,[216-380]
Q92731,[1-103]
P61244,[1-14]
Q04206,[428-551]
P04637,[1-93][291-312][359-393]
Q14722,[1-62]
Q08209,[1-13][373-468][487-521]
P50440,[38-63]
P10163,[17-310]
P01730,[372-433]
P22531,[2-20][48-72]
Q06787,[281-422][444-632]
P12272,[37-50][68-144]
O95405,[766-823]
Q13426,[202-336]
P01112,[170-189]
P54725,[79-160][201-231][283-316]
O75324,[34-60]
P19429,[1-40][137-148][167-210]
Q9NVS9,[1-48]
P04049,[236-255]
O00273,[1-100]
Q9NQB0,[1-130]
Q9Y5B0,[879-961]
P11473,[165-215]
P20810,[137-277]
P20963,[49-164]
P10451,[1-314]
O60927,[1-126]
P14635,[1-78]
P05455,[326-408]
Q14449,[361-435]
P14859,[1-200][355-379]
P02686,[134-304]
P38398,[100-1649]
P35611,[430-737]
P35612,[409-726]
P23025,[1-101][166-179][210-219]
P01106,[1-167][353-439]
Q16665,[403-698][776-826]
Q04656,[1125-1176]
P40337,[1-213]
P10415,[26-48]
Q07817,[25-80]
P31751,[190-201][297-312][441-481]
Q07108,[64-84]
P51946,[1-10][288-323]
P06132,[1-10]
P00533,[985-1012]
P62495,[329-372][414-437]
P24071,[217-229]
Q9UJY5,[144-189][303-326]
O43464,[280-292][344-358]
O15350,[549-564]
P05121,[355-370]
Q9UM07,[55-65][158-171][338-348][371-387][633-644]
P11309,[14-31]
O75469,[130-141][178-197]
P09651,[92-102][182-196][342-357]
O14832,[31-42][223-233][303-318]
P21815,[1-317]
P27797,[18-417]
Q00987,[1-24][210-304][335-437]
P16442,[179-194]
Q9Y6Q9,[1018-1088]
Q99967,[220-269]
P62328,[1-44]
Q15185,[123-160]
Q16222,[454-470]
Q15382,[171-181]
Q9NR00,[1-106]
P08047,[153-215][342-495]
P35869,[545-713]
P49841,[1-34][285-300][386-420]
Q09161,[1-26][527-537][671-684]
P52298,[1-37][121-156]
O00204,[13-26]
P78504,[1094-1218]
Q96T21,[1-600][776-854]
P53350,[489-506]
P43351,[1-23]
Q14191,[1064-1092]
P02511,[151-175]
Q9Y613,[1104-1164]
Q9Y3D6,[121-145]
Q13485,[273-284][297-306]
P04156,[23-124]
P25963,[1-66][276-317]
P50542,[1-324]
Q49AN0,[490-593]
Q9UBE0,[1-24][176-208][222-235][270-294]
Q9UBT2,[198-239][291-304][549-640]
P10275,[1-537]
P04234,[1-21][127-171]
P07766,[1-32][153-207]
P09693,[1-23][139-182]
P30273,[40-60]
O60356,[1-82]
P52179,[836-931]
P25054,[1202-1745][2781-2819]
Q969F2,[1-217]
O95997,[1-202]
O43236,[1-119]
P51608,[1-75][165-486]
Q14061,[1-63]
Q9NX55,[1-129]
O00488,[1-116]
P16860,[1-77]
Q9NZ94,[731-848]
Q9C000,[31-50]
Q16143,[1-134]
P49354,[1-54][368-379]
Q9Y296,[11-25]
P63098,[1-14][158-169]
P09132,[1-144]
P54252,[174-361]
P11233,[1-10][187-203]
P48539,[1-62]
Q16595,[61-74][81-92]
Q13573,[59-129]
P30291,[436-455]
P02788,[38-59]
P60896,[26-36]
P00736,[193-305]
P35638,[116-168]
P15309,[248-286]
O76070,[1-127]
Q09472,[1-1045][1520-1581][1665-2414]
P51671,[1-31]
P00441,[69-78][127-142]
P32004,[1144-1257]
Q29983,[175-184]
Q92886,[90-150]
P11171,[800-864]
Q99801,[1-113]
Q8N488,[1-228]
Q9Y258,[84-94]
P46937,[50-171]
P24522,[1-16][105-118]
Q15517,[60-171]
Q9UER7,[1-50][161-243][347-420][435-486][495-740]
Q9Y3M2,[1-66][102-126]
Q9UGL1,[1-27][115-129][188-311][339-375][430-453][469-481][543-554][1078-1125][1271-1344][1376-1450]
P02545,[567-664]
P37231,[9-211][238-298][443-477]
Q13569,[1-111][340-410]
Q9UKV8,[1-22][818-838]
P01160,[56-123]
P46108,[192-223][238-293]
Q9BSY4,[94-109]
O00585,[94-134]
P15311,[130-150][298-586]
P05387,[63-115]
P50616,[116-345]
P15382,[24-45][72-91][107-129]
O15273,[91-167]
P41236,[9-164]
Q16186,[1-21][132-285][386-407]
O14733,[30-100]
O60888,[45-60][170-179]
Q9BQ15,[28-37][71-81][110-211]
Q6P3W2,[1-10][77-92]
Q9H981,[401-507]
P21246,[32-46][84-95][140-168]
P08240,[130-238]
O75496,[70-91]
P47813,[1-27][119-144]
Q9HB71-2,[48-80]
P41567,[1-28]
Q8N4Q1,[107-142]
P21583,[92-103][127-141]
Q9BQB4,[25-79][110-133][169-213]
P80723,[1-227]
P61925,[14-33][44-76]
Q12972,[144-225]
Q93009,[54-64][105-114][174-187][500-509][1084-1102]
Q9HAU5,[430-536][757-767][1015-1078][1105-1227]
P17677,[1-238]
Q9H832,[1-99][327-354]
O15169,[295-500]
P52630,[786-838]
P42224,[710-750]
Q02548,[1-30][76-92]
P46108-2,[121-133]
Q01101,[1-20]
P27708,[1822-1846]
Q76LA1,[1-67]
Q9Y6C2,[948-966]
Q9NQI0,[1-236]
Q9NQI0-2,[1-204]
Q9UBB5,[238-356]
P42568,[490-568]
P61244-2,[84-151]
Q16222-2,[54-68]
O00204-2,[1-10][339-350]
P10636-8,[1-441]
P35637,[1-526]
Q13698,[665-791]
P46531,[1758-1888]
P16471,[236-598]
Q13148,[263-414]
P22626,[190-341]
Q9UHD9,[450-576]
Q13501,[341-386]
P27986,[91-104]
P16333,[59-108]
Q16236,[1-605]
Q03164,[140-160]
O60566,[20-42]
Q12834,[81-164][477-499]
P35222,[1-137][683-781]
P24864,[360-373]
P43403,[258-302][484-500]
Q9Y261,[240-258]
O43806,[1-158]
P49757,[68-78]
O14558,[1-56]
Q12778,[242-266]
Q00987-11,[216-302]
P10071,[106-236]
Q6FI81,[173-266]
Q14457,[1-156]
P07305,[1-22][98-194]
P04908,[1-27][98-130]
P06899,[1-38]
A6NF83,[1-97]
Q9UMS4,[169-194]
Q96SD1,[480-575]
O14974,[1-40]
Q13625,[331-918]
Q9HAN9,[109-146]
P02730,[1-54]
O00268,[408-838]
P42768,[201-268]
O43516,[2-101][407-503]
Q15726,[20-138]
O43474,[1-130]
Q14978,[1-699]
O96013,[9-68]
P55036,[246-256][305-377]
Q9H211,[92-159][356-410]
O75807,[1-674]
Q15797,[217-267]
O43312,[739-753]
Q9UMZ1,[1-101]
P55735,[1-14][305-316]
P20591,[438-447][532-572]
Q9UJX2,[1-25][558-597]
P19634,[680-815]
O76074,[128-145][395-406][840-850]
O95292,[1-150]
P61073,[1-34][304-325]
P01137,[240-261]
P05386,[63-114]
P12956,[533-609]
P13010,[546-565]
P41208,[1-22]
P49848,[1-216][437-677]
Q9H816,[314-335]
Q8NG31,[176-200][217-226][234-252]
Q15691,[250-268]
Q6VMQ6,[938-964]
Q68DK7,[558-568]
Q8N5Y2,[226-246][508-518]
P05067,[672-711]
Q16576,[90-110][409-425]
Q9Y3E7,[184-199]
P24928,[1773-1970]
O43313,[362-823]
P49768,[1-77][262-378]
Q13542,[1-120]
O14519,[1-60]
Q03518,[61-172]
O60828,[1-265]
P50750,[87-98][259-273][328-372]
Q8WUP2,[1-85]
Q6NUK1,[1-21][50-79][99-109][159-170][177-193]
Q9UMX1,[279-360]
O60741,[1-93]
Q15796,[18-33][241-264][457-467]
Q9HCJ0,[1380-1401]
O43236-6,[248-274]
Q9Y4P1,[187-217][378-393]
Q8IV16,[21-54]
Q9C0C7,[527-541]
P28324,[94-136]
P17931,[1-115]
O00522,[118-128]
O94907,[250-260]
Q96B02,[136-145]
P52564,[1-43]
Q13469,[131-294]
Q9UNL4,[119-188]
P15927,[1-42][175-270]
P62826,[33-44][123-144][170-198]
Q8WXE9,[301-340]
P01130,[163-175][354-393]
P45985,[1-86]
Q92913,[213-237]
Q16543,[1-25][112-126][344-378]
Q15004,[1-111]
P06400,[84-93][245-269][346-370][500-513][577-635][786-928]
Q01094,[200-301]
P31431,[171-198]
O60829,[1-102]
O14936,[304-460]
P14921,[276-318]
Q9UJX4,[1-26][168-205][353-413]
P30260,[171-450][767-824]
Q9Y239,[111-138]
P30281,[1-22][255-292]
Q15637,[1-25][69-95]
Q9UKT4,[1-374][421-447]
Q9UBU9,[96-118]
Q13042,[94-126][528-620]
Q8NHZ8,[26-85]
P60006,[57-121]
Q96DE5,[1-51]
Q01081,[38-152]
Q92973,[319-371]
Q9Y3B4,[1-20][100-125]
Q13188,[314-427]
Q9UHB7,[1-900]
Q8IW19,[399-420][450-511]
Q96GU1,[20-130]
P06748,[119-259]
Q02413,[774-1049]
Q9UJX5,[304-317][431-444][458-472][480-521][758-808]
Q9UJX3,[111-131][541-599]
Q96FI4,[312-389]
P04626,[988-1255]
P11912,[166-226]
P40259,[181-229]
Q9UBK2,[2-220]
Q9NR61,[553-685]
P22059,[346-379]
P09429,[166-214]
P08263,[208-222]
Q9UQC2,[504-524]
Q15418,[683-735]
Q06710,[1-28][64-86][135-146]
Q02297-10,[1-75]
Q9UM11,[1-41][68-87][109-124][133-145]
Q9UJX6,[1-14][30-52][221-231][305-319][459-475][731-822]
O75554,[276-376]
Q9NS23-4,[1-50][61-72]
Q07889,[1117-1319]
O00429-3,[74-83][503-610]
P06401,[1-566][632-682]
Q8WV28,[1-330]
P29274,[291-412]
Q8WYP5,[1018-2266]
Q99523,[97-108]
P33763,[38-52]
P23443,[422-525]
Q96GC6,[4-246]
Q9UMR2,[55-91]
P08235,[1-602]
Q12905,[362-390]
P12931,[1-84]
P06239,[69-86][97-114]
P52799,[253-333]
Q92945,[130-218]
P52945,[204-283]
Q9BRG1,[133-145]
P26599,[143-184][409-425][431-454]
Q86WV6,[342-379]
Q96IZ0,[59-81]
Q9Y6H6,[1-10][31-56]
Q96AC1,[1-15][95-105][328-367]
Q14653,[173-188]
Q9NR28,[56-70]
P20823,[181-200]
Q06609,[1-21][86-114]
Q01831,[815-940]
P29083,[378-393]
Q8NI22,[27-146]
Q13351,[1-90]
Q07955,[107-120][196-248]
O75506,[1-10][60-76]
P09038,[143-160]
P35236,[37-52]
P51449,[479-518]
P84022,[1-10][133-144]
Q96T88,[165-181][286-301][490-501][646-678]
P36578,[46-63][80-114][301-320][369-427]
P55957,[1-12][43-106]
P12081,[1-52][344-355]
O75928,[466-479]
O14686,[4210-4280]
P06454,[1-111]
P02549,[1-20]
Q5VZK9,[1005-1020]
P62318,[82-126]
Q07666,[1-96][136-156][267-378][390-419]
Q9NT62,[129-158]
O95644,[1-414][416-425][538-559][704-943]
Q7Z3C6,[1-35][96-105][523-839]
P52597,[1-10][100-110]
P04271,[18-28][80-91]
Q6PHW0,[32-70][161-178][199-211]
P48788,[97-182]
P05556,[752-798]
P62877,[1-39]
O43172,[1-169]
Q13029,[197-341]
P37173,[38-48][150-159]
O95718,[169-194]
Q9NQA5,[587-725]
Q9H1D0,[655-725]
P58753,[15-35]
Q8WUG5,[1-105]
P50402,[46-187]
P78560,[95-136]
Q07912,[448-489]
P98170,[241-254][345-356]
O75112-6,[85-283]
Q53GG5,[107-273]
Q86UX7,[142-224]
P98177,[82-96][182-204]
P15941,[1183-1198]
Q9BUH6,[143-204]
O96017,[1-91][254-268][377-387][505-543]
P49790,[875-1475]
P53999,[1-60]
P40855,[1-182][278-297]
P49005,[42-53][102-122]
Q15910,[1-10][183-210][340-435][480-514][730-746]
O43715,[54-76]
O14713,[49-59]
P08514,[989-1039]
P05106,[741-788]
Q92540,[111-143]
Q13451,[1-12]
P05107,[735-769]
O60260,[73-99][109-142][378-391]
Q9NQC3-1,[1-200][210-1016][1055-1094][1155-1187]
P09012,[99-207]
P01042,[438-531]
O75533,[1-462]
P51587,[48-284]
O95630,[219-245]
Q99075,[73-106]
O95149,[72-91][288-348]
P52926,[1-109]
Q96AY2,[369-402][445-455]
Q9UPR3,[924-946]
Q15596,[624-829]
P02655,[40-65]
Q9UKT5,[242-271]
O14776,[98-108]
O60885,[333-349]
Q13568,[458-467]
Q96RI1,[275-290]
Q92900,[348-359]
Q02078,[75-86]
P83731,[123-157]
P11021,[1-24][634-654]
P50553,[1-236]
Q9NRY2,[1-62]
P21333,[1-36]
P04083,[2-26][116-185]
P0CF51,[102-112]
P13693,[37-68]
P39748,[45-61][90-130][330-342]
P35520,[1-40]
P49736,[1-160]
Q8TEK3,[333-416]
Q14493,[200-224]
P36894,[104-120]
O14745,[242-358]
P16220,[101-160]
Q92793,[674-1080][1852-2057]
P47710,[1-185]
P04183,[1-17][64-73][193-234]
Q9H2Y7,[1256-1521]
O75683,[1-195]
Q9NRJ3,[1-127]
P0DP23,[76-85]
P52272,[41-70]
P17405,[49-85][614-631]
P62805,[1-25]
P38919,[1-21]
Q13415,[471-489][662-673]
P28300,[22-168]
P02686-5,[1-171]
P49427,[101-115][183-236]
P28698,[1-13]
P60604,[95-109]
P52948,[1-730][881-1111][1161-1193]
P30307,[208-225]
P02671,[232-581]
Q2TAZ0,[1-172][204-220][304-424][441-450][464-483][617-628][747-793][850-923][940-957][996-1015][1025-1041][1237-1416][1430-1478][1497-1513][1543-1554][1566-1575][1615-1664][1679-1690][1736-1938]
Q676U5,[59-84]
Q9HD26,[248-279]
P61328-2,[148-181]
P16050,[22-162]
Q02388,[1940-1978]
Q8WUM0,[1-70][252-269][478-514]
Q8N726-1,[1-132]
O15234,[137-168][195-215][249-286]
P08621,[1-33][184-437]
Q9BS26,[328-372]
P51965,[1-40]
O00571,[1-167]
P15516,[20-51]
P02808,[20-62]
Q03519,[1-129]
P29375,[184-360]
P24385,[1-24][256-295]
Q99958,[134-144]
Q13547,[377-482]
P08476,[359-386]
P10721,[544-565]
P68363,[416-447]
Q96F86,[203-258]
P14598,[213-228][296-330][343-390]
P42226,[783-814]
Q8IVG9,[1-24]
Q9Y6K9,[1-43][150-192][252-272]
Q92905,[198-218][284-295]
Q96PU5,[400-480]
P63165,[1-18]
Q71UI9,[39-48]
Q15843,[69-81]
Q0JRZ9,[259-274]
Q96RF0,[59-224]
O43663,[451-620]
O14672,[697-748]
Q00169,[1-12][119-190][233-270]
P53779,[206-231]
Q9BUQ8,[1-257][338-351][791-820]
P13861,[44-90]
O60701,[465-494]
Q92804,[323-354]
Q9BTL3,[2-45]
Q8N5F7,[1-328][359-415]
P51825,[738-760]
P0DMV9,[229-306]
Q8IYB3,[1-904]
O14810,[74-83]
O95429,[357-376]
Q9H6Z4-3,[31-45]
Q13464,[895-913]
P29536,[299-313]
Q92837,[1-279]
Q96T58,[3470-3494]
O60706-2,[618-669]
Q15046,[1-70]
P08631,[2-79]
Q9NYB9,[156-513]
Q96GD4,[221-236]
Q9NQS7,[853-903]
Q8IZD2,[323-339]
Q7RTP6,[1735-1990]
Q04637,[161-216][290-754][992-1599]
P06730,[1-35]
Q96N21,[136-153]
Q8IYW5,[94-111]
Q9P2K3-3,[1-272][406-553]
Q9BTT0,[186-232]
Q08050,[1-114][222-231][327-360][694-748]
P04198,[28-60]
P14653,[187-206]
P54274,[1-10][23-55]
P49765,[37-46][130-188]
P35568,[117-159]
Q5SQI0,[26-36][196-236]
Q86YV5,[932-943][1030-1039][1065-1081][1218-1238][1336-1345]
Q9BVI0,[70-85]
Q5T4W7,[108-120]
P15391,[138-152]
Q96RS0,[618-633]
Q8IU57,[270-299]
Q15583,[150-167][235-248][256-347]
Q8TEA8,[152-209]
Q9UKX7,[48-109]
O95400,[256-280]
P17181,[49-58][330-436]
Q9NRR4,[390-411][459-521][712-849][930-957][1333-1365]
P07199,[583-599]
P51617,[367-382][449-463]
P17480,[547-560]
Q96G97,[2-60][220-398]
Q15642,[289-303]
Q86UE8,[1-200]
Q01970,[471-572][882-1234]
O60502,[11-58][335-372][696-706]
P09327,[360-613]
Q13740,[246-583]
Q9UKL0,[1-485]
A5YKK6,[1565-1841]
Q92558,[1-14][185-494][517-526][544-559]
P18564,[1-788]
S6B291,[240-465]
Q07866,[185-208]
P56696,[550-593]
Q16790,[38-136]
Q16611,[64-98]
Q07812,[49-83]
Q9NUM4,[1-119][255-274]
P07948,[1-62]
P16070,[153-178][669-742]
Q9Y6G9,[388-523]
Q8NBP7,[31-60]
P43629,[361-444]
Q6P5W5,[424-498]
Q15109,[364-404]
Q9NP70,[27-447]
Q969R2,[1-184]
P60880,[83-141]
Q15717,[1-19]
P01266,[1-23][388-407][511-546][610-620][830-847][1010-1020][1234-1243][1640-1657][1802-1814][2729-2768]
P80192,[173-183][298-310]
P55042,[116-125][149-160]
P39905,[78-117]
Q16647,[319-330]
P28827,[589-742]
Q9H900,[69-98][212-221][253-263][310-338][561-575]
Q96PM5,[187-215]
P78362,[1-80][231-511]
Q9H8Y8,[209-452]
P63241,[1-14]
P25490,[1-295]
Q96H20,[1-25]
Q86VN1,[149-169]
P35916,[77-89][114-123][470-483]
Q96NW4,[619-640][693-732]
P20020-1,[1063-1258]
P02533,[295-331]
P13647,[1-167][350-381][478-590]
Q9UNA0,[557-628]
Q8IUQ4,[90-124]
Q96PY5,[150-204]
Q8N1G2,[126-140]
Q9Y6D6,[1-13][50-63]
Q3MIT2,[55-106][234-243]
O75817,[1-28]
Q9BUL9,[1-21][158-199]
Q14194,[1-14][497-572]
Q15113,[151-169][189-200][220-233][241-252][269-278]
Q8TEP8,[201-214][242-258]
O94986,[1-15][47-60]
O14958,[371-399]
P31321,[1-13][59-81]
Q9UBV7,[260-285]
P07237,[323-334][348-357][479-508]
P78330,[45-56]
Q9HC35,[45-64]
O95278,[69-79]
P01023,[683-728]
P30542,[301-326]
Q96FQ6,[51-71]
Q9H5I1,[379-392]
P08294,[19-54][224-240]
Q8N807,[21-44][496-580]
Q6ZVN8,[130-145]
Q9Y5C1,[420-429]
P15848,[406-422]
P11926,[1-18][422-461]
P54368,[69-92][110-125]
O14977,[294-310][433-448]
Q9HD36,[107-121]
O75936,[188-198]
P23280,[21-31]
P13797,[1-20]
P53816,[40-57]
Q92608,[70-80][578-589][1257-1270][1621-1830]
Q6R327,[1-1708]
Q9BPZ7,[1-522]
Q8WUN7,[1-20]
Q02363,[1-23]
P54687,[1-21]
Q6V1X1,[1-47][138-164]
Q15631,[218-228]
Q14995,[386-395][470-479]
O00411,[39-218][592-602][734-769][1086-1108]
P41214,[184-259][348-373]
P45379,[1-66][193-212][272-288]
Q9NXV2,[188-200][212-234]
P04035,[861-888]
Q9BQ50,[159-168]
Q9H3P2,[189-528]
P18615,[139-363]
O60880,[103-128]
O95071,[2738-2747]
Q53FT3,[88-106]
Q13838,[34-44]
Q13526,[39-50]
P42166,[51-110]
Q96EP1,[446-472]
Q6P1M3,[471-484][631-708]
Q5U651,[187-197][268-285]
Q8IWJ2,[1547-1569]
P20340,[175-206]
P07355,[2-33]
Q9NWW9,[40-51]
P08581,[1225-1244]
P06756,[868-897]
Q92574,[939-992]
P05231,[28-46]
Q14565,[1-82][271-289]
Q9GZN7,[47-56]
P36871,[256-267]
Q13617,[117-134][625-634][645-660]
Q9GZU1,[1-59][206-215][527-580]
Q13563,[198-215][494-503]
Q14181,[1-156]
Q13162,[1-271]
Q14118,[163-179][305-315]
P01127,[106-119]
Q9UPY3,[1003-1029]
Q9NPI8,[177-188][211-234]
P49189,[232-255]
P16278,[531-544][648-677]
P22234,[37-51][221-238]
Q9NV23,[1-24][59-76]
P20061,[1-23][318-330]
P23771,[304-314]
P05452,[1-49]
Q96Q11,[128-139][384-434]
P61587,[1-19]
A6NI73,[147-157]
P62330,[34-56]
P48740-3,[364-380]
Q07157,[265-420][589-627][675-687][795-1631]
Q8IVH8,[315-380]
Q9UKY0,[24-51]
Q14019,[132-142]
P31153,[116-129]
P46379,[395-1029][1048-1123]
Q13164,[1-46]
Q7L2J0,[400-689]
Q9Y4F1,[862-909]
Q9Y2Z0,[262-276]
Q14849,[216-230]
P20807,[269-320]
O60934,[272-295][335-392]
O43521,[1-41][97-165]
O60239,[266-452]
Q5FWF5,[1-15][740-753]
P55197,[1-23][179-190]
Q9BYF1,[769-805]
P11166,[456-492]
P83916,[73-107][176-185]
P18206-2,[844-879]
P55211,[289-334]
P08670,[99-144]
Q9Y5S9,[50-63]
Q16630,[13-80][173-235][481-551]
Q8N5H7,[756-769]
P55789,[81-93]
Q8N884,[289-305]
Q09428,[621-676]
Q10589,[79-89]
Q9BZZ5-2,[322-335][455-504]
Q96E14,[1-16]
Q8NBI3,[25-245]
Q8N3V7,[1-929]
P04004,[1-130]
P48443,[2-127]
Q14444,[607-709]
P17947,[1-168][258-270]
P26368,[231-259]
P01215,[1-10][33-57]
Q9Y6I3,[1-18]
Q96RD7,[163-190][374-426]
P08572,[1629-1638][1680-1696]
Q12888,[1-1483][1741-1768]
P47992,[82-114]
Q5JRX3,[774-787]
P06734,[150-159][244-258][293-321]
Q05193,[347-356][394-404][500-517][632-652]
O75962,[1494-1507]
Q9BSQ5,[160-190][377-420]
P04275,[1478-1493]
P58004,[1-65][222-232][240-255][295-309]
Q53TN4,[231-286]
O95843,[1-22][186-209]
Q5D1E8,[112-133][297-334]
P51787,[574-584]
P40818,[734-761][888-898]
Q16821,[1-60][83-99]
Q86XI6,[31-58][78-105]
P11274,[622-638]
P35269,[55-92]
Q96GX5,[855-879]
Q00653,[702-725]
Q9UBU7,[255-293]
Q9UIF9,[496-519][622-664][1731-1797]
Q58F21,[144-257][583-947]
Q15059,[429-556][645-726]
P54132,[1004-1014][1091-1110][1195-1207]
P40692,[86-97][301-319]
Q9BRZ2,[1-17]
Q8TEQ6,[1297-1412]
Q92499,[72-85]
P53420,[1656-1671]
O60825,[1-30][451-505]
Q9H3M7,[300-317]
P0DJI8,[74-85]
Q9BV68,[41-66]
O00308,[662-702]
P02774,[107-127]
Q14258,[361-433]
O15344,[87-116]
P29590,[94-104]
P15374,[147-166]
Q9BYI3,[149-253]
Q6ZNA4,[300-386][927-937]
Q86TV6,[157-166][197-212][343-358][619-686]
Q6P4R8,[483-495]
O95155,[1208-1227]
P30793,[1-57]
Q9HC77,[311-348][361-422]
P11686,[59-89][151-182]
Q14691,[146-196]
Q9BRX5,[194-216]
O95835,[361-567][622-635]
O14965,[107-127][273-292][389-403]
Q7KZI7,[196-211]
Q96AE4,[347-377]
Q9NPF0,[86-128]
P35680,[188-230]
Q9BYG3,[226-269]
Q16667,[1-22][201-212]
P49327,[2200-2220][2344-2360]
Q05397,[565-583]
P29317,[760-883]
Q86Y38,[232-251]
P41227,[161-235]
Q9BXJ9,[573-639][842-866]
Q99598,[1-30][157-176][275-290]
Q13363,[357-378]
P42574,[57-66][165-185][201-211]
Q658P3,[1-28]
P01019,[44-64][436-450]
P54578,[484-494]
Q9UBR1,[1-32][202-211][301-309]
Q8WVQ1,[71-84]
O00299,[1-21][147-164]
O15247,[55-68]
Q9Y696,[159-175]
P00519,[385-401]
P00519-2,[138-249][520-531][1026-1045]
Q9NQC7,[841-857]
Q8NBZ7,[395-420]
Q16831,[1-15]
Q9NRN7,[248-263]
O14727,[1-104]
Q99250,[1-116][285-313][442-739][988-1190][1777-2005]
O95391,[1-61][197-264][372-586]
Q03692,[521-548]
Q17RS7,[243-307]
P09919,[157-166]
O75223,[1-13]
P28325,[21-31]
P43250,[1-13][475-491][536-576]
P49257,[176-185]
P55145,[162-182]
Q15013,[36-53][97-118]
Q9HAV4,[474-490][938-951][980-1009][1137-1204]
Q8N1Q8,[102-111]
P00749,[21-30][153-163]
Q96CV9,[416-442]
P55210,[197-211]
Q16629,[81-98][123-176][200-217]
O95696,[63-80]
Q8IYB8,[47-57][73-86][446-456][690-722]
Q8IYV9,[127-140][257-268]
A6ND01,[111-122]
Q9BRT9,[1-20]
O60508,[1-82]
Q9H875,[1-50][143-184]
Q96EQ8,[1-32]
P55265,[202-296]
Q92783,[140-170]
P33316-2,[1-23]
P19957,[23-60]
P26447,[91-101]
P05451,[23-35]
P11940,[1-10][179-199]
P15498,[130-141][565-584]
Q7KZF4,[660-669]
Q92900-2,[219-228]
P49915,[312-321]
P50148,[1-216]
Q9UDY8,[466-481][566-579]
Q9BZE9,[498-553]
P55072,[1-21][462-472][586-598][776-806]
P23588,[1-96][172-611]
Q68D10,[571-604]
Q9UQ35,[27-2752]
O75475,[92-135][430-471]
Q9NYV4,[1023-1063]
Q96RJ3,[1-19][37-184]
Q9UBW5,[1-37]
Q8N300,[1-23]
P52848,[558-578][587-600]
P16035,[209-220]
P08253,[450-460]
P03956,[20-31][46-57]
P13674,[151-160]
O60568,[72-86][592-605]
P01009,[25-47]
P21580,[150-161][213-228]
Q6GQQ9,[88-129][267-291]
Q99835,[539-640]
Q9Y4K0,[763-774]
Q15276,[642-661]
Q96PU8,[205-214]
P18065,[312-325]
Q08188,[463-472]
P19827,[35-44][653-672]
Q2MKA7,[131-146]
Q9UK55,[22-60]
P00742,[90-126]
O43791,[169-178][357-374]
P02760,[191-202][206-229][340-352]
Q92854,[649-677]
P60484,[286-309][353-403]
P01034,[27-39]
P63000,[178-192]
P00734,[90-110][187-211][298-316]
P31749,[114-144]
P09237,[18-40][90-99][256-267]
Q8IW75,[367-380]
P36952,[332-343]
Q02297,[226-241]
Q9UMD9,[2-455]
Q96MS0,[654-667]
O60486,[642-659]
P00740,[47-93]
P10619,[288-327]
P00488,[2-38]
Q06141,[27-37]
Q13316,[17-513]
P35052,[350-361]
Q9HCB6,[29-43][185-198]
P36955,[21-35]
O00214,[154-175]
Q5T1C6,[81-106]
P23677,[187-196]
P05546,[20-79][91-113]
Q92743,[94-106][301-313]
Q15582,[24-42][636-683]
P27469,[1-103]
P53778,[354-367]
O15391,[1-372]
P04554,[46-102]
P20849,[24-42]
Q14766,[1507-1522][1578-1624][1709-1721]
P83110,[279-289]
P98066,[250-277]
Q8WVM7,[1-85][442-457][843-853][1053-1258]
P20592,[1-92][599-621]
Q9Y237-2,[1-59]
Q9Y237-1,[1-35]
Q9UBT3,[19-38][94-140]
O60493,[2-28][146-162]
P13051-1,[1-92]
P60484-2,[1-145]
Q9H4L7,[109-150][200-250]
Q8WXS3-1,[1-180]
P56211,[1-112]
P56211-2,[1-96]
P51397,[1-102]
P10997,[23-89]
Q96PU8-9,[205-319]
P80303,[190-420]
P25024,[1-29][326-350]
P31327,[562-623][779-792]
P40763,[689-722]
Q13153,[1-56][83-137][150-248][492-545]
Q9UPP1,[101-113]
Q9NR48,[2090-2107][2261-2284]
Q13177,[1-227][390-403]
P56524,[130-153][729-760]
P21675,[972-1053][1626-1638]
Q6P1X5,[977-1199]
P51513,[125-143]
Q9UBP0,[228-328]
O00189,[160-184][384-399]
P27635,[95-123]
Q15542,[194-206][381-416]
Q9GZZ9,[325-404]
P43026,[382-396]
P18075,[293-327]
P27361,[1-23]
Q04637-8,[1080-1234][1428-1437]
P49753,[46-56][473-483]
P18827,[23-254]
P34741,[19-144]
O75056,[47-387]
P31431-2,[19-153]
Q9NP98,[1-299]
P49789,[107-127]
Q68J44,[2-31][207-220]
O95147,[2-23]
P10636-2,[1-352]
O94829,[1-18][656-673]
Q9UKK9,[1-13]
P35813,[369-382]
Q96C86,[1-37]
P47897,[183-216]
P50579,[1-109][139-152]
Q9NZD4,[92-102]
Q12962,[1-112][178-191][209-218]
Q6ZMT4,[1-31]
O15054,[1141-1176][1292-1323]
O15550,[1048-1077]
P52732,[1-16][108-126][270-287]
P07197,[790-916]
Q92784-2,[60-200][222-259][293-357]
P81605,[63-110]
Q8NC51,[149-288][300-400]
Q9Y4D1,[654-682]
Q9UQ80,[363-394]
Q01484,[683-693][817-873][1113-1122][1243-1255][1457-1476]
P63104,[234-245]
Q14318,[1-34][151-165][357-380]
A0A5F9ZHA1,[662-672][796-852][1059-1068][1189-1201][1403-1430]
Q9BY41,[1-12]
Q12983,[211-223]
Q4LE39,[110-151]
P56962,[94-121][142-228]
Q8TDY2,[1543-1552]
O95197,[1-27][988-1032]
P49023,[1-20][213-232][296-315]
P55285,[592-607]
Q13043,[326-401]
Q13137,[127-141][365-413]
O00410,[1-21][316-329]
Q6DD88,[1-21]
P30518,[343-371]
Q92847,[339-366]
P07550,[342-413]
P01732,[128-182]
Q8IY63,[178-384]
Q07820,[192-203]
Q9H9R9,[1-158]
Q9HBA0,[1-148]
Q8N660,[174-247][338-552]
A0A1B0GTR3,[1-108]
Q13480,[117-694]
P17706-2,[303-387]
O96018,[1-214]
Q8NEB9,[246-260][418-470][872-887]
Q9BXW4,[1-12]
Q99623,[246-265]
Q9H0E2,[1-53]
O15392,[1-99]
P40939,[637-647]
Q8IYT8,[168-177]
Q13627,[481-490]
Q9UHK0,[486-495]
Q8NER1,[2-100]
Q9Y5S1,[2-73]
Q8NET8,[2-119]
Q8NE35-2,[1-426]
P24588,[300-427]
Q96QZ7,[555-580]
Q92871,[1-11]
A0A090N8E9,[735-751]
P36888,[762-782][948-958]
Q96ST2,[352-548]
Q15858,[1-113][417-725][973-1174][1769-1988]
A8K2U0,[634-668][696-726]
Q00266,[1-13]
Q9BU02,[215-230]
Q99986,[1-20][342-364]
P42658,[117-126][850-865]
P26196,[81-93]
Q9UL18,[1-21][113-126][819-834]
P78563,[215-233][299-316][454-477]
P55011,[1-286][557-572]
P15056,[432-447][597-614]
Q00534,[1-11][45-56][167-181]
Q9Y5P4,[187-218][300-381]
Q16740,[57-72][250-277]
Q9H9E3,[525-536]
A4D126,[319-334]
P14868,[1-20][163-172][224-247][273-282]
Q6PI48,[631-645]
P49366,[1-27][76-92]
O00548,[443-551]
Q92785,[235-249]
P07814,[998-1015][1464-1473]
P37268,[315-327]
Q9BYC5,[41-107]
P07902,[1-21][49-63][367-379]
O94925,[71-136][646-669]
Q9NQX3,[1-12]
P00492,[102-123]
P14678,[46-64][88-240]
Q99714,[95-113][208-228]
P35475,[643-653]
P05019,[70-90]
Q2M1P5,[230-241][261-273][349-543]
P01116,[60-70][167-189]
P36776,[1-122][222-271]
P21397,[1-11][465-527]
O43318,[66-80][178-190]
P28482,[1-15][175-189]
O95822,[344-371]
Q8IVH4,[182-197][268-279]
Q9Y4U1,[231-282]
Q9H3L0,[108-133]
P22033,[12-35]
O75970,[1171-1183]
P42898,[161-171]
P42345,[290-355][904-926][1239-1262][1811-1872][2434-2491]
Q92913-2,[159-192]
Q9UBK8,[165-216][258-271][502-515]
O43776,[98-110]
Q15233,[53-65]
O15118,[288-333][374-383][605-620][773-813][960-983][1252-1278]
P01111,[59-70]
O96028,[661-986][1206-1365]
P49902,[1-23][399-419][489-561]
P61956,[1-14]
Q16625,[383-415]
Q01968,[697-729]
O15294,[757-771]
P00439,[1-20]
O75151,[60-79]
Q13635,[1-75][608-730][888-901][1177-1447]
Q9UII6,[1-24]
Q8TDP1,[1-13][87-117]
P84243,[1-38]
Q14011,[90-172]
O15151,[181-300]
Q13586,[395-404]
P78352,[1-71]
P81274,[275-421]
Q7RTN6,[292-347][402-424]
Q9NRI5,[718-771]
P29353-2,[1-41][192-207]
P19525,[80-100][170-255][337-355][441-451][542-551]
Q16620,[385-426]
Q9Y6K1,[455-473][831-846]
O15294-3,[1-78][747-760]
Q13224,[1-33][201-212][393-402][580-599]
P43034,[298-307]
P33897,[2-63][353-375][437-461][684-745]
O14678,[2-12][357-383]
P60709,[33-78]
O96019,[1-11][45-67][216-245][312-322][418-429]
Q9Y653,[549-559][664-693]
P55263,[348-362]
Q9NX46,[1-13][60-69]
P30566,[283-294][475-484]
O95831,[78-127][511-559]
P47895,[1-26]
P30038,[512-537][552-563]
P49419,[487-509][528-539]
Q96BT7,[159-173][182-191]
Q01433,[282-302][444-495]
Q9H1A4,[1-10][33-70][134-145][193-205][277-403][513-580][671-703][732-756][815-838][883-923][987-1012][1334-1346][1438-1451][1705-1746][1756-1769][1828-1838][1896-1907][1933-1944]
Q9NW15,[1-13][463-474][640-660]
Q10567,[1-13]
P14867,[351-410]
P28472,[338-439]
P18507,[1-65][363-436]
Q86WX3,[1-136]
Q92597,[312-394]
Q9UN86,[45-54]
Q6BDI9,[1-14][117-130]
P37837,[1-10]
P41743,[233-248][542-560]
Q6ZT98,[236-268][383-450][485-518]
O15431,[1-52]
Q96NI6,[222-231][292-378]
Q9Y4B6,[1486-1499]
Q9H078,[208-227]
Q96F81,[1-180][254-291][390-414][662-687][1145-1524]
Q9Y6X9,[551-603]
Q9Y2M5,[303-316]
P35790,[151-173]
Q9UQ13,[1-85]
P35790-2,[50-85][131-140][296-308]
Q9ULK4,[1335-1368]
Q9UIW2,[25-38]
Q9NXG6,[88-106][482-502]
Q9BPU6,[493-564]
P54577,[343-364]
P30531,[1-46][578-599]
P35219,[1-22]
P49758,[453-470]
P49802,[1-17][219-255][451-495]
O00584,[215-234]
Q9H0W8,[1-180]
Q9NRA2,[1-31][69-101]
O43747,[677-699]
O95470,[62-109][554-568]
P52306-2,[61-78]
Q15326,[172-195]
Q96C36,[274-300]
Q3SYG4,[210-232][370-407][801-887]
Q8NFJ9,[1-20]
A0A0C4DGY3,[78-180]
Q96RK4,[1-27][424-519]
A8MTZ0,[1-25][81-92]
Q8N3I7,[135-148][254-341]
O43665,[10-31][98-121]
Q01105-2,[168-188]
O14775,[1-56]
Q5T848,[1-70][221-261][362-388][512-524][669-710][764-863]
Q5HYA8,[1-36][644-665][793-827][849-867]
P06702,[87-114]
P42858,[1-94][327-346][407-664][964-981][1107-1124][1162-1226][1323-1351][1376-1422][1718-1732][1859-1885][2067-2095][2329-2351][2476-2494][2631-2664][2930-2948][3103-3142]
Q5TDH0,[116-133][192-212]
Q9NZC2,[131-174][189-206]
P02649,[19-41][100-109][183-242]
Q92800,[1-30][125-271][323-431][478-517][728-747]
O43561-2,[30-233]
O14497,[1-1016][1124-1611]
Q96E09,[1-124]
P21579,[81-142]
P51788,[1-88][409-418][561-572][645-753][846-898]
P28749,[612-687]
Q96B97,[163-263]
O00418,[562-597]
Q9BX66,[851-867]
O94885,[396-564]
Q8N6T7,[1-25][62-84][270-355]
O00499,[1-41]
Q92784-1,[60-200][222-259]
Q9BUR4,[1-150][199-209][442-452][486-503][511-548]
P05114,[1-100]
O14746,[180-321][418-443]
P30519,[1-29][249-264]
O60232,[1-12][78-111]
Q99453,[228-240][261-314]
P49748,[486-518]
P29372,[131-141][263-273]
Q9BZV1,[1-154]
Q2KHT3,[892-1052]
O95433,[1-27][162-204]
Q9H4H8,[380-448]
Q8N5K1,[57-72]
P53355,[302-334]
P45973,[1-21][79-123][178-191]
P40205,[1-109]
P07196,[40-63]
P02647,[25-267]
Q13613,[1-94]
Q9UJY1,[1-89][171-196]
